year,title,authors,source_url
1998,"Transgression, Masochism and Subjectivity: the Sacrifice of Self to the (Feminized) Space of Literature in Maurice Blanchot",Donna Wilkerson,https://doi.org/10.3828/ajfs.35.2.228
1998,"REVIEWS Maurice Blanchot et le déplacement d'Orphée. By MICHELCHANTAL. Saint-Genouph, Nizet, 1997. 183 pp. Pb 130 F.",PATRICK FFRENCH,https://doi.org/10.1093/fs/lii.4.488
1998,CHAPTER 3 Blanchot: Rebuttals,,https://doi.org/10.1515/9780804765268-005
1999,"REVIEWS Blanchot Extreme Contemporary. By HILLLESLIE. (Warwick Studies in European Philosophy). London–New York, Routledge, 1997. xii + 302 pp. Hb £45.00. Pb £14.99.",IAN MACLACHLAN,https://doi.org/10.1093/fs/liii.2.234
1999,"REVIEWS Maurice Blanchot: The Demand of Writing. (Warwick Studies in European Philosophy). Edited by GILLCAROLYN BAILEY. London—New York, Routledge, 1996. xiii + 234 pp.",STEVEN JARON,https://doi.org/10.1093/fs/liii.2.233-b
1999,"Review. Maurice Blanchot. Gill, Carolyn Bailey (ed.)",S. JARON,https://doi.org/10.1093/fs/53.2.233
1999,"REVIEWS Levinas, Blanchot, Jabès: Figures of Estrangement. By MOLEGARY D.. Gainesville, University Press of Florida, 1997. xvi + 208 pp.",IAN MACLACHLAN,https://doi.org/10.1093/fs/liii.3.357
2000,The Paradoxes of Fidelity,"Lars Krishnan Iyer, None None",https://doi.org/10.5840/symposium20004216
2000,"ATTENDING TO THE EVERYDAY: BLANCHOT, LEFEBVRE, CERTEAU, PEREC",MICHAEL SHERINGHAM,https://doi.org/10.1093/fs/liv.2.187
2000,Mythe et littérature dans La Part du feu de Maurice Blanchot,Daniela Hurezanu,https://doi.org/10.1215/26885220-91.3.279
2000,Translate - Blanchot?,Peter Banki,https://doi.org/10.3366/olr.2000.013
2000,"‘A Kind of Struggle’:Blanchot, Kafka, the <i>Neutre</i>",Leslie Hill,https://doi.org/10.3366/olr.2000.007
2000,"Tranced: Melville, Blanchot",Ann Smock,https://doi.org/10.3366/olr.2000.005
2000,To Fail without Fail: Blanchot and Others,Anthony Mellors,https://doi.org/10.3366/olr.2000.012
2000,"Leslie Hill, <i>Blanchot: Extreme Contemporary</i>, London: Routledge, 1997.",Simon Stevenson,https://doi.org/10.3366/olr.2000.016
2000,The Beast of Lascaux,Maurice Blanchot,https://doi.org/10.3366/olr.2000.002
2000,Short pulse interaction experiments for fast ignitor applications,"M. BORGHESI, A.J. MACKINNON, R. GAILLARD, G. MALKA, C. VICKERS, O. WILLI, A.A. OFFENBERGER, B. CANAUD, J.L. MIQUEL, N. BLANCHOT, J.R. DAVIES, A. PUKHOV, J. MEYER-TER-VEHN",https://doi.org/10.1017/s0263034600183065
2000,"REVIEWS Politics and Literature: The Case of Maurice Blanchot. By HESSDEBORAH M.. (Currents in Comparative Romance Languages and Literatures). Bern, Peter Lang, 1999. vi + 272 pp.",LESLIE HILL,https://doi.org/10.1093/fs/liv.3.403-b
2000,The Task of Criticism Today,Maurice Blanchot,https://doi.org/10.3366/olr.2000.003
2000,"Carolyn Bailey Gill, ed., <i>Maurice Blanchot: The Demand of Writing</i> (London and New York: Routledge, 1996).Thomas Pepper, ed., <i>The Place of Maurice Blanchot: Yale French Studies</i> 93, (New Haven: Yale University Press, 1998).",Stephen Jarvis,https://doi.org/10.3366/olr.2000.015
2000,"Fragments: Blanchot, Char, Rimbaud",Herman Rapaport,https://doi.org/10.3366/olr.2000.008
2000,For Friendship,Maurice Blanchot,https://doi.org/10.3366/olr.2000.004
2000,"Gerald L. Bruns, <i>Maurice Blanchot: The Refusal of Philosophy</i> (Baltimore and London: Johns Hopkins University Press, 1997).",Alan Brown,https://doi.org/10.3366/olr.2000.014
2000,Possible suicide: Blanchot and the ownership of death,MARTIN CROWLEY,https://doi.org/10.3366/para.2000.23.2.191
2001,The Birth of Philosophy in Poetry,"Lars Iyer, None None",https://doi.org/10.5840/jh20014234
2001,1.8 'Friendship',Maurice Blanchot,https://doi.org/10.1515/9781474470919-011
2001,"Bataille, Klossowski, Blanchot",Leslie Hill,https://doi.org/10.1093/acprof:oso/9780198159711.001.0001
2001,The Inconsistency of Thought,Leslie Hill,https://doi.org/10.1093/acprof:oso/9780198159711.003.0003
2001,"Death, Writing, Neutrality",Leslie Hill,https://doi.org/10.1093/acprof:oso/9780198159711.003.0004
2001,Sacrificing Sacrifice,Leslie Hill,https://doi.org/10.1093/acprof:oso/9780198159711.003.0002
2001,Unavowable Community,Leslie Hill,https://doi.org/10.1093/acprof:oso/9780198159711.003.0001
2001,"REVIEWS The Place of Maurice Blanchot. Edited by PEPPERTHOMAS, (Yale French Studies, 93) New Haven and London, Vale University Press, 1998. 283. pp. Pb. $17.00.",MICHAEL HOI LAND,https://doi.org/10.1093/fs/lv.3.424
2001,"REVIEWS Maurice Blanchot le principe de fiction. By HURAULTMARIE-LAURE, (L'lmaginaire du texte) Saint-Denis, Presses Universitaires de Vincennes, 1999. 240. pp. 140F, €21.34.",MICHAEL HOLLAND,https://doi.org/10.1093/fs/lv.3.423
2001,EPILOGUE: Narrative and music in Kafka and Blanchot: the “singing” of Josefine,,https://doi.org/10.1017/cbo9780511485749.010
2002,Secret and Truth (On Heidegger and Blanchot),"Pascal Massie, None None",https://doi.org/10.5840/heideggercircle2002363
2002,On the Question of Authorship in Maurice Blanchot,"Joseph Suglia, None None",https://doi.org/10.5840/acpq20027622
2002,"Crossing the Line: Heidegger, Blanchot und the Lineage of Oblivion","Jason Kemp Winfree, None None",https://doi.org/10.5840/heideggercircle2002362
2002,Maurice Blanchot,Gerald Bruns,https://doi.org/10.56021/9780801854712
2002,"Review: The Delirium of Praise: Bataille, Blanchot, Deleuze, Foucault, Klossowski",Ian James,https://doi.org/10.1093/fs/56.4.553
2003,The Unbearable Trauma and Witnessing in Blanchot and Levinas,"Lars Iyer, None None",https://doi.org/10.5840/jh20036134
2003,Sulla Filosofia come Ontologia Interrogativa,"Elena Ronconi, None None",https://doi.org/10.5840/chiasmi2003540
2003,"Review: Bataille, Klossowski, Blanchot: Writing at the Limit",Paul Hegarty,https://doi.org/10.1093/fs/57.2.269
2003,38 The Writing of the Disaster,Maurice Blanchot,https://doi.org/10.1515/9781474470230-049
2003,Maurice Blanchot (1907–2003),Michael Holland,https://doi.org/10.3366/para.2003.26.3.127
2003,"The Workless Community: Blanchot, Communism, Surrealism",Lars Iyer,https://doi.org/10.3366/para.2003.26.3.51
2004,"Postdeconstructive <i>Necrophilia</i>: Grave Spaces in Aristotle, Augustine, and Blanchot and the Question of the Decision",FLOYD DUNPHY,https://doi.org/10.1215/-56-2-147
2004,"Bataille, Blanchot and the ‘Last Man’",Michael Holland,https://doi.org/10.3366/para.2004.27.1.50
2004,Maurice Blanchot,Michael Holland,https://doi.org/10.1093/fs/58.4.533
2004,"Comparatism and (Auto)thanatography: Death and Mourning in Blanchot, Derrida,and Tim Parks",Ivan Callus,https://doi.org/10.3366/ccs.2004.1.3.337
2004,"(Un)Reconstructed Space?: The Imaginary in Post-War France (Sartre, Malraux, Merleau-Ponty, Blanchot)",Douglas Smith,https://doi.org/10.3366/para.2004.27.3.68
2005,"Review: De l'attrait à la possession: Maupassant, Artaud, Blanchot",Ian Maclachlan,https://doi.org/10.1093/fs/kni041
2005,The Blessings of a Friendship: Maurice Blanchot and Levinas Studies,"Jeffrey L. Kosky, None None",https://doi.org/10.5840/levinas2005111
2005,Series Editor's Preface,,https://doi.org/10.1515/9781474465786-001
2005,Contents,,https://doi.org/10.1515/9781474465786-toc
2005,Chapter 3. The uniquely obvious: singularity in Gadamer's late essays,,https://doi.org/10.1515/9781474465786-007
2005,Introduction: a school of singularity?,,https://doi.org/10.1515/9781474465786-004
2005,Index,,https://doi.org/10.1515/9781474465786-012
2005,Chapter 5. Derrida: a pragmatics of singularity,,https://doi.org/10.1515/9781474465786-009
2005,Chapter 1. Freedoms and the institutional Americanism of literary study,,https://doi.org/10.1515/9781474465786-005
2005,Chapter 2. Heidegger's dream of singularisation,,https://doi.org/10.1515/9781474465786-006
2005,Abbreviations,,https://doi.org/10.1515/9781474465786-003
2005,Epilogue,,https://doi.org/10.1515/9781474465786-010
2005,Chapter 4. Pitching strangely: the poetic Blanchet,,https://doi.org/10.1515/9781474465786-008
2005,Frontmatter,,https://doi.org/10.1515/9781474465786-fm
2005,Acknowledgements,,https://doi.org/10.1515/9781474465786-002
2005,The Poetics of Singularity,Timothy Clark,https://doi.org/10.1515/9781474465786
2005,Notes,,https://doi.org/10.1515/9781474465786-011
2005,Conservative treatment in epithelial ovarian cancer: results of a multicentre study of the GCCLCC (Groupe des Chirurgiens de Centre de Lutte Contre le Cancer) and SFOG (Société Française d'Oncologie Gynécologique),"Philippe Morice, Eric Leblanc, Annie Rey, Marc Baron, Denis Querleu, Jérôme Blanchot, Pierre Duvillard, Catherine Lhommé, Damienne Castaigne, Jean Marc Classe, Pascal Bonnier",https://doi.org/10.1093/humrep/deh777
2005,"From the sacred conspiracy to the unavowable community: Bataille, Blanchot and Laure's
            <i>Le sacré</i>",Milo Sweedler,https://doi.org/10.1093/fs/kni213
2005,Revisiting the <i>Il y a</i>: Maurice Blanchot and Emmanuel Levinas on the Question of Subjectivity,Arthur Cools,https://doi.org/10.3366/para.2005.28.3.54
2005,Lacoue-Labarthe between Derrida and Blanchot,John Martis,https://doi.org/10.5422/fso/9780823225347.003.0008
2006,The Worklessness of Literature,"Theodore D. George, None None",https://doi.org/10.5840/philtoday200650supplement5
2006,Hölderlin and Blanchot on Self-Sacrifice (review),Simon. Thomas,https://doi.org/10.1353/ccs.2007.0016
2006,One: The Passion of Time: Au moment voulu (Nietzsche-Heidegger-Blanchot),Gabriel Riera,https://doi.org/10.5422/fso/9780823226719.003.0002
2006,Seven: The Unerasable Difference (Levinas in Blanchot),Gabriel Riera,https://doi.org/10.5422/fso/9780823226719.003.0008
2006,22. Georges Bataille (1897-1962) and Maurice Blanchot (1907-),Arkady Plotnitsky,https://doi.org/10.1515/9780748626793-023
2006,§ 11. On Blanchot,,https://doi.org/10.1515/9781503618923-012
2006,"Joseph Suglia, <i>Hölderlin and Blanchot on Self-Sacrifice</i>",Simon Thomas,https://doi.org/10.3366/ccs.2006.3.3.422
2007,A Green Blanchot: Impossible?,Timothy Clark,https://doi.org/10.1353/prg.2007.0031
2007,Ellipsis,"James Griffith, None None",https://doi.org/10.5840/gfpj200728212
2007,Blanchot in The International Review,Christopher Fynsk,https://doi.org/10.1353/prg.2007.0035
2007,"Maurice Blanchot, 1907–2003","Jean-Luc. Nancy, Leslie Hill",https://doi.org/10.1353/prg.2007.0034
2007,"Penser le neutre: Blanchot, Levinas","Laura Marin, None None",https://doi.org/10.5840/studphaen20077special43
2007,Conclusion (Postcolonial Blanchot?),,https://doi.org/10.5949/upo9781846312922.008
2007,Conclusion,,https://doi.org/10.2307/j.ctt5vjk5s.11
2007,"The Power of Contestation: Perspectives on Maurice Blanchot The Power of Contestation: Perspectives on Maurice Blanchot. Edited by K
            <scp>evin</scp>
            H
            <scp>art</scp>
            and G
            <scp>eoffrey</scp>
            H. H
            <scp>artman</scp>
            . Baltimore, MD, Johns Hopkins University Press, 2004.ix + 222 pp. Hb £35.50.",Martin Crowley,https://doi.org/10.1093/fs/knm151
2007,Responses and Interventions (1946–98),Maurice Blanchot,https://doi.org/10.3366/para.2007.30.3.5
2007,"‘Not In Our Name’: Blanchot, Politics, the Neuter",Leslie Hill,https://doi.org/10.3366/para.2007.30.3.141
2007,A Green Blanchot: Impossible?,Timothy Clark,https://doi.org/10.3366/para.2007.30.3.121
2007,Blanchot in The International Review,Christopher Fynsk,https://doi.org/10.3366/para.2007.30.3.104
2007,"Maurice Blanchot, 1907–2003",Jean-Luc Nancy,https://doi.org/10.3366/para.2007.30.3.3
2008,Weakness as a Form of Engagement: Maurice Blanchot on the Figure of the Last Man,D. Just,https://doi.org/10.1093/fmls/cqm123
2008,Dream and Writing in Blanchot,Herschel Farbman,https://doi.org/10.5422/fso/9780823228652.003.0003
2008,"""Ce mot sec et latin par surcroit"": Maurice Blanchot, Literature and Nihilism",S. Weller,https://doi.org/10.1093/fmls/cqn014
2008,"<i>Proust, Blanchot and a Woman in Red</i>. By Lydia Davis. Pp. 44. Lewes: Sylph Editions/Center for Writers and Translators at the American University in Paris, 2007. Pb. £10. <i>Proust's English</i>. By Daniel Karlin. Pp. xiii+229. Oxford: Oxford University Press, 2007. Pb. £14.99.",SIÂN REYNOLDS,https://doi.org/10.3366/e0968136108000319
2008,"The Determination of Sense via Deleuze and Blanchot: Paradoxes of the Habitual, the Immemorial, and the Eternal Return",Eugene Brently Young,https://doi.org/10.3366/e1750224108000263
2009,"Renunciation: Heidegger, Agamben, Blanchot, Vattimo",PAOLO BARTOLONI,https://doi.org/10.3366/e1744185409000597
2009,After Blanchot?,Herman Rapaport,https://doi.org/10.3366/e0264833409000583
2009,"<i>Singbarer Rest</i>: Friendship, Impossible Mourning (Celan, Blanchot, Derrida)",Ginette Michaud,https://doi.org/10.3366/e0305149809000431
2009,The Name God in Blanchot,,https://doi.org/10.2307/j.ctt14bs028.11
2009,"‘Pardon for not meaning’: Remarks on Derrida, Blanchot and Kafka",Caroline Sheaffer-Jones,https://doi.org/10.3366/e1754850009000578
2009,5. Maurice Blanchot: The Use and Abuse of Silence,,https://doi.org/10.1515/9781400825967.187
2010,Parables of Exposure,"Erik Larsen, None None",https://doi.org/10.5840/levinas2010512
2010,A Cluster of Bloodstream Infections Caused by<i>Streptococcus gallolyticus</i>Subspecies<i>pasteurianus</i>That Involved 5 Preterm Neonates in a University Hospital during a 2-Month Period,"Nathalie Floret, Pascale Bailly, Michelle Thouverez, Catherine Blanchot, Dolores Alez-Martin, Alain Menget, Gérard Thiriez, Bruno Hoen, Daniel Talon, Xavier Bertrand",https://doi.org/10.1086/650380
2010,"The Political Share of Literature: Maurice Blanchot, 1931–1937",Hannes Opelz,https://doi.org/10.3366/e0264833409000753
2010,Chapter 3 The Insistent Dog: Blanchot and the Community without Animals,,https://doi.org/10.1515/9780748642311-006
2010,Y a-t-il <i>lieu</i> de traduire ? Maurice Blanchot et la <i>mise en demeure</i> du langage philosophique,Yves Gilonne,https://doi.org/10.3366/nfs.2010-2.007
2010,"The Dismembered Community: Bataille, Blanchot, Leiris, and the Remains of Laure The Dismembered Community: Bataille, Blanchot, Leiris, and the Remains of Laure. By M
            <scp>ilo</scp>
            S
            <scp>weedler</scp>
            . Newark: University of Delaware Press, 2009. 214 pp. Hb. $50.00.",Patrick Ffrench,https://doi.org/10.1093/fs/knq071
2010,The Task of the Doppelgänger:,,https://doi.org/10.2307/j.ctt13x097j.8
2011,The Other Night,Barnaby Norman,https://doi.org/10.59860/wph.a8d3331
2011,"Radical Indecision: Barthes, Blanchot, Derrida, and the Future of Criticism Radical Indecision: Barthes, Blanchot, Derrida, and the Future of Criticism. By L
            <scp>eslie</scp>
            H
            <scp>ill</scp>
            . Notre Dame, IN: University of Notre Dame Press, 2010. xiv + 438 pp. Pb $45.00.",Gary D. Mole,https://doi.org/10.1093/fs/knr064
2011,"The Disappearance of Literature: Blanchot, Surrealism, Futurity",Leslie Hill,https://doi.org/10.3366/nfs.2011-3.009
2011,"Blanchot, Jane",,https://doi.org/10.1093/benz/9780199773787.article.b00020635
2011,"Blanchot, Léon Alexandre",,https://doi.org/10.1093/benz/9780199773787.article.b00020636
2011,"Blanchot, Cyrille Élysée Étienne",,https://doi.org/10.1093/benz/9780199773787.article.b00020633
2012,Renewing the Infinite Conversation,"Joe Hughes, None None",https://doi.org/10.5840/philtoday20125647
2012,"Bataille, Beckett, Blanchot: From the Impossible to the Unknowing",Jean-Michel Rabaté,https://doi.org/10.3366/jobs.2012.0033
2012,"On Parole: Legacies of Saussure, Blanchot, and Paulhan",Kevin Newmark,https://doi.org/10.5422/fordham/9780823240128.003.0010
2012,"<i>L'Arrêt de mort</i>, Insomnia, Dreaming, Sleep: Derrida, Blanchot, Levinas",Simon Morgan Wortham,https://doi.org/10.3366/drt.2012.0031
2012,"The Inorganic Community: Hypotheses on Literary Communism in Novalis, Benjamin, and Blanchot",Emmanuel Alloa,https://doi.org/10.1215/01903659-1730626
2012,THE ABSENT AUTHOR:,,https://doi.org/10.2307/j.ctvqsdp3k.8
2013,"A pooled analysis of six month comparative efficacy and tolerability in four randomized clinical trials: agomelatine versus escitalopram, fluoxetine, and sertraline","Koen Demyttenaere, Emanuelle Corruble, Anthony Hale, Maria-Antonia Quera-Salva, Françoise Picarel-Blanchot, Siegfried Kasper",https://doi.org/10.1017/s1092852913000060
2013,Blanchot in The International Review,Christopher Fynsk,https://doi.org/10.5422/fordham/9780823251025.003.0009
2013,"A ‘Whispered Disfazione’: Maurice Blanchot, Leonardo da Vinci and <i>Three Dialogues with Georges Duthuit</i>",Adam Winstanley,https://doi.org/10.3366/jobs.2013.0069
2013,In Lieu of a Last Word:,,https://doi.org/10.2307/j.ctt13x07vw.9
2013,“He made her feel the beauty”,Paul Sopčák,https://doi.org/10.1075/ssol.3.2.04sop
2014,"Maurice Blanchot and Fragmentary Writing: A Change of Epoch
            <i>Maurice Blanchot and Fragmentary Writing: A Change of Epoch</i>
            . By L
            <scp>eslie</scp>
            H
            <scp>ill</scp>
            . London: Continuum, 2012. vi + 443 pp.",Eugene Brennan,https://doi.org/10.1093/fs/knt235
2014,Beckett’s Voices and the Paradox of Expression,Jeff Fort,https://doi.org/10.5422/fordham/9780823254699.003.0009
2014,Copyright Page,Jeff Fort,https://doi.org/10.5422/fordham/9780823254699.002.0003
2014,PREFACE,,https://doi.org/10.2307/j.ctt13x07wd.4
2014,Embodied Violence and the Leap from the Law:,,https://doi.org/10.2307/j.ctt13x07wd.8
2014,The Imperative to Write,Jeff Fort,https://doi.org/10.1515/9780823254712
2014,"Company, But Not Enough",,https://doi.org/10.2307/j.ctt13x07wd.14
2014,The Dead Look:,,https://doi.org/10.2307/j.ctt13x07wd.12
2014,CONCLUSION:,,https://doi.org/10.2307/j.ctt13x07wd.15
2014,INDEX,,https://doi.org/10.2307/j.ctt13x07wd.18
2014,The Ecstasy of Judgment,Jeff Fort,https://doi.org/10.5422/fordham/9780823254699.003.0003
2014,ABBREVIATIONS OF FREQUENTLY CITED WORKS,,https://doi.org/10.2307/j.ctt13x07wd.3
2014,Pointed Instants,Jeff Fort,https://doi.org/10.5422/fordham/9780823254699.003.0006
2014,Speech Unredeemed,Jeff Fort,https://doi.org/10.5422/fordham/9780823254699.003.0011
2014,Front Matter,,https://doi.org/10.2307/j.ctt13x07wd.1
2014,The Imperative to Write,Jeff Fort,https://doi.org/10.5422/fordham/9780823254699.001.0001
2014,Table of Contents,,https://doi.org/10.2307/j.ctt13x07wd.2
2014,INTRODUCTION:,,https://doi.org/10.2307/j.ctt13x07wd.5
2014,The Shell and the Mask,Jeff Fort,https://doi.org/10.5422/fordham/9780823254699.003.0007
2014,Degradation of the Sublime:,,https://doi.org/10.2307/j.ctt13x07wd.9
2014,“Why Do You Write?”—The Fault of Writing,Jeff Fort,https://doi.org/10.5422/fordham/9780823254699.003.0001
2014,Kafka’s Teeth,Jeff Fort,https://doi.org/10.5422/fordham/9780823254699.003.0002
2014,Beckett’s Voices and the Paradox of Expression,,https://doi.org/10.2307/j.ctt13x07wd.13
2014,"Company , But Not Enough",Jeff Fort,https://doi.org/10.5422/fordham/9780823254699.003.0010
2014,Pointed Instants:,,https://doi.org/10.2307/j.ctt13x07wd.10
2014,NOTES,,https://doi.org/10.2307/j.ctt13x07wd.16
2014,Embodied Violence and the Leap from the Law,Jeff Fort,https://doi.org/10.5422/fordham/9780823254699.003.0004
2014,The Imperative to Write,JEFF FORT,https://doi.org/10.2307/j.ctt13x07wd
2014,The Ecstasy of Judgment,,https://doi.org/10.2307/j.ctt13x07wd.7
2014,Notes,Jeff Fort,https://doi.org/10.5422/fordham/9780823254699.002.0008
2014,The Dead Look,Jeff Fort,https://doi.org/10.5422/fordham/9780823254699.003.0008
2014,Abbreviations of Frequently Cited Works,Jeff Fort,https://doi.org/10.5422/fordham/9780823254699.002.0005
2014,BIBLIOGRAPHY,,https://doi.org/10.2307/j.ctt13x07wd.17
2014,Preface,Jeff Fort,https://doi.org/10.5422/fordham/9780823254699.002.0006
2014,The Shell and the Mask:,,https://doi.org/10.2307/j.ctt13x07wd.11
2014,Kafka’s Teeth,,https://doi.org/10.2307/j.ctt13x07wd.6
2014,Degradation of the Sublime,Jeff Fort,https://doi.org/10.5422/fordham/9780823254699.003.0005
2014,Maurice Blanchot (1907–2003),,https://doi.org/10.1017/cbo9781139022309.100
2014,Blanchot and Literary Criticism,John McKeane,https://doi.org/10.5325/complitstudies.51.3.e-9
2014,"Marking Time: Derrida, Blanchot, Beckett, des Forêts, Klossowski, Laporte
            <i>Marking Time: Derrida, Blanchot, Beckett, des Forêts, Klossowski, Laporte</i>
            . By I
            <scp>an</scp>
            M
            <scp>aclachlan</scp>
            . (Faux titre, 384.) Amsterdam: Rodopi, 2012. 214 pp.",Leslie Hill,https://doi.org/10.1093/fs/knu221
2015,Maurice Blanchot and the politics of narrative genres,,https://doi.org/10.1017/cbo9781316145463.004
2015,Literary weakness,,https://doi.org/10.1017/cbo9781316145463.005
2015,"The Impossible Experience of Words: Blanchot, Beckett, and the Materiality of Language",Gerald L. Bruns,https://doi.org/10.1215/00267929-2827560
2015,FlowCAM as a tool for studying small (80–1000 µm) metazooplankton communities,"Baptiste Le Bourg, Véronique Cornet-Barthaux, Marc Pagano, Jean Blanchot",https://doi.org/10.1093/plankt/fbv025
2015,Ending and Unending Agony,Philippe Lacoue-Labarthe,https://doi.org/10.2307/j.ctt1657v2v
2015,Table of Contents,,https://doi.org/10.2307/j.ctt1657v2v.2
2015,Ending and Unending Agony,"Philippe Lacoue-Labarthe, Hannes Opelz",https://doi.org/10.5422/fordham/9780823264575.003.0006
2015,Dismay,,https://doi.org/10.2307/j.ctt1657v2v.12
2015,Ending and Unending Agony,,https://doi.org/10.2307/j.ctt1657v2v.9
2015,"[In 1976, Malraux . . .]",,https://doi.org/10.2307/j.ctt1657v2v.10
2015,Prologue,"Philippe Lacoue-Labarthe, Hannes Opelz",https://doi.org/10.5422/fordham/9780823264575.003.0002
2015,Bibliographical Note,,https://doi.org/10.2307/j.ctt1657v2v.14
2015,The Contestation of Death,"Philippe Lacoue-Labarthe, Hannes Opelz",https://doi.org/10.5422/fordham/9780823264575.003.0004
2015,Translator’s Note,,https://doi.org/10.2307/j.ctt1657v2v.3
2015,Back Matter,,https://doi.org/10.2307/j.ctt1657v2v.16
2015,Ending and Unending Agony,"Philippe Lacoue-Labarthe, Hannes Opelz",https://doi.org/10.5422/fordham/9780823264575.001.0001
2015,Annexes,,https://doi.org/10.2307/j.ctt1657v2v.8
2015,Introduction,"Aristide Bianchi, Leonid Kharlamov",https://doi.org/10.2307/j.ctt1657v2v.4
2015,Fidelities,"Philippe Lacoue-Labarthe, Hannes Opelz",https://doi.org/10.5422/fordham/9780823264575.003.0003
2015,Index of Names,,https://doi.org/10.2307/j.ctt1657v2v.15
2015,Interview with Pascal Possoz,,https://doi.org/10.2307/j.ctt1657v2v.11
2015,The Contestation of Death,,https://doi.org/10.2307/j.ctt1657v2v.7
2015,Fidelities,,https://doi.org/10.2307/j.ctt1657v2v.6
2015,Annexes,"Philippe Lacoue-Labarthe, Hannes Opelz",https://doi.org/10.5422/fordham/9780823264575.003.0005
2015,Prologue,,https://doi.org/10.2307/j.ctt1657v2v.5
2015,Introduction,"Philippe Lacoue-Labarthe, Hannes Opelz",https://doi.org/10.5422/fordham/9780823264575.003.0001
2015,Front Matter,,https://doi.org/10.2307/j.ctt1657v2v.1
2015,Notes,,https://doi.org/10.2307/j.ctt1657v2v.13
2015,The Force and the Weakness of the Law: Grace and Disgrace in the Writing of Maurice Blanchot,Aïcha Liviana Messina,https://doi.org/10.14321/crnewcentrevi.15.3.0201
2015,Significations de l'angoisse dans les textes de Maurice Blanchot autour des romans L'Arrêt de mort et Le dernier homme,Ji-hyoung SEO,https://doi.org/10.18824/ellf.104.07
2016,The Apocalypse of Blanchot,"Aïcha Liviana Messina, Lena Taub, None None",https://doi.org/10.5840/philtoday2016113134
2016,"Avant dire: essais sur Blanchot
            <i>Avant dire: essais sur Blanchot</i>
            . Par M
            <scp>ichael</scp>
            H
            <scp>olland</scp>
            . (Bel aujourd'hui.) Paris: Hermann, 2015. 400 pp.",Leslie Hill,https://doi.org/10.1093/fs/knv243
2016,"Haptic Experience in the Writings of Georges Bataille, Maurice Blanchot and Michel Serres
            <i>Haptic Experience in the Writings of Georges Bataille, Maurice Blanchot and Michel Serres</i>
            . By C
            <scp>rispin</scp>
            T. L
            <scp>ee</scp>
            . (Modern French Identities, 116.) Bern: Peter Lang, 2014. viii + 318 pp.",Gary D. Mole,https://doi.org/10.1093/fs/knv290
2016,"The Disappearance of Literature: Blanchot, Agamben, and the Writers of the No",Anne McConnell,https://doi.org/10.5325/complitstudies.53.1.e-4
2016,The Intimate Blanchot,Joseph D. Kuzma,https://doi.org/10.1215/00104124-3462621
2016,Index,,https://doi.org/10.2307/j.ctt19x3jg5.22
2016,Notes,,https://doi.org/10.2307/j.ctt19x3jg5.20
2016,Dead Transcendence:,,https://doi.org/10.2307/j.ctt19x3jg5.10
2016,[PART I Introduction],,https://doi.org/10.2307/j.ctt19x3jg5.6
2016,[PART IV Introduction],,https://doi.org/10.2307/j.ctt19x3jg5.16
2016,Echo Location:,,https://doi.org/10.2307/j.ctt19x3jg5.17
2016,Bibliography,,https://doi.org/10.2307/j.ctt19x3jg5.21
2016,The Possibility of Speculative Writing,,https://doi.org/10.2307/j.ctt19x3jg5.15
2016,[PART II Introduction],,https://doi.org/10.2307/j.ctt19x3jg5.9
2016,Indifferent Reading in Aminadab,,https://doi.org/10.2307/j.ctt19x3jg5.12
2016,Back Matter,,https://doi.org/10.2307/j.ctt19x3jg5.23
2016,Front Matter,,https://doi.org/10.2307/j.ctt19x3jg5.1
2016,The Obscurities of Artistic Innovation,,https://doi.org/10.2307/j.ctt19x3jg5.8
2016,The Language-Like Quality of the Artwork,,https://doi.org/10.2307/j.ctt19x3jg5.14
2016,[PART III Introduction],,https://doi.org/10.2307/j.ctt19x3jg5.13
2016,Autonomous Literature:,,https://doi.org/10.2307/j.ctt19x3jg5.7
2016,Aesthetics of Negativity,WILLIAM S. ALLEN,https://doi.org/10.2307/j.ctt19x3jg5
2016,Acknowledgments,,https://doi.org/10.2307/j.ctt19x3jg5.4
2016,Table of Contents,,https://doi.org/10.2307/j.ctt19x3jg5.2
2016,An Image of Thought in Thomas l’Obscur,,https://doi.org/10.2307/j.ctt19x3jg5.11
2016,Appendix:,,https://doi.org/10.2307/j.ctt19x3jg5.19
2016,Introduction:,,https://doi.org/10.2307/j.ctt19x3jg5.5
2016,The Negativity of Thinking through Language,,https://doi.org/10.2307/j.ctt19x3jg5.18
2016,List of Abbreviations,,https://doi.org/10.2307/j.ctt19x3jg5.3
2016,The Name God in Blanchot,Jean-Luc Nancy,https://doi.org/10.2307/j.ctt1bmzp8v.11
2016,Humanism’s Cry:,Laurens ten Kate,https://doi.org/10.2307/j.ctt1bmzp8v.12
2016,"Of Sade, Blanchot, and the French Twentieth Century",Jeffrey Mehlman,https://doi.org/10.5949/liverpool/9781781382639.003.0007
2016,"From Deconstruction to Disaster (Derrida, Blanchot, Hegel)",Leslie Hill,https://doi.org/10.3366/para.2016.0194
2016,The Fragments of the Disaster: Blanchot and Galeano on Decolonial Writing,Jasmine Wallace,https://doi.org/10.5325/jspecphil.30.3.0292
2016,2. Blanchot and Affinity,,https://doi.org/10.1515/9781474400183-004
2016,Blanchot and Affinity,Jonathan Evans,https://doi.org/10.3366/edinburgh/9781474400176.003.0002
2016,The Uses of Maurice Blanchot in Bernard Stiegler's <i>Technics and Time</i>,Calum Watt,https://doi.org/10.3366/para.2016.0203
2017,“I can” and “I speak”,"Donald A. Landes, None None",https://doi.org/10.5840/chiasmi20171925
2018,"The same but different: stable isotopes reveal two distinguishable, yet similar, neighbouring food chains in a coral reef","Baptiste Le Bourg, Yves Letourneur, Daniela Bănaru, Jean Blanchot, Cristèle Chevalier, Gérard Mou-Tham, Benoit Lebreton, Marc Pagano",https://doi.org/10.1017/s0025315417001370
2017,[6] Detestable Residue: From Psychoanalysis to Blanchot and Lyotard,,https://doi.org/10.1515/9781474429627-009
2017,INDEX,,https://doi.org/10.2307/j.ctv16km12g.13
2017,Front Matter,,https://doi.org/10.2307/j.ctv16km12g.1
2017,LIST OF FIGURES,,https://doi.org/10.2307/j.ctv16km12g.5
2017,Blanchot and the Moving Image,Calum Watt,https://doi.org/10.2307/j.ctv16km12g
2017,ABBREVIATIONS,,https://doi.org/10.2307/j.ctv16km12g.4
2017,Table of Contents,,https://doi.org/10.2307/j.ctv16km12g.2
2017,BIBLIOGRAPHY,,https://doi.org/10.2307/j.ctv16km12g.12
2017,"Irréversible, Disidentification, and Disastrous Responsibility",,https://doi.org/10.2307/j.ctv16km12g.10
2017,CONCLUSION:,,https://doi.org/10.2307/j.ctv16km12g.11
2017,Reading the Ontology of Film After Blanchot,,https://doi.org/10.2307/j.ctv16km12g.7
2017,ACKNOWLEDGEMENTS,None C. W.,https://doi.org/10.2307/j.ctv16km12g.3
2017,INTRODUCTION:,,https://doi.org/10.2307/j.ctv16km12g.6
2017,Experiencing the Absence of Time:,,https://doi.org/10.2307/j.ctv16km12g.9
2017,Appropriations of Blanchot in Godard’s Histoire(s) du cinéma and Deleuze’s Cinéma volumes,,https://doi.org/10.2307/j.ctv16km12g.8
2017,"The End of the World and the Finitude of the World (World, Christianity, and Finitude in Nancy and Blanchot)",Aïcha Liviana Messina,https://doi.org/10.14321/crnewcentrevi.17.3.0063
2018,Blanchot: Trzecie między zaimkami,Wojciech Kalaga,https://doi.org/10.18318/td.2018.4.19
2018,"<i>The Writing of Terrorism: Contemporary American Fiction and Maurice Blanchot</i>
            . By C
            <scp>hristian</scp>
            K
            <scp>loeckner</scp>
            .
            <i>The Writing of Terrorism: Contemporary American Fiction and Maurice Blanchot</i>
            . By KloecknerChristian. (Transcription, 10.) Frankfurt a.M.: Peter Lang, 2017. 256 pp.",Leslie Hill,https://doi.org/10.1093/fs/knx249
2018,Blanchot and the Possibility of Philosophy,Helena Costa de Carvalho,https://doi.org/10.5840/wcp23201839830
2019,"Levinas, Blanchot, and Art",Kevin Hart,https://doi.org/10.1093/oxfordhb/9780190455934.013.3
2018,Maurice Blanchot,Adam Potts,https://doi.org/10.1093/obo/9780190221911-0061
2018,Detestable Residue: From Psychoanalysis to Blanchot and Lyotard,Simon Morgan Wortham,https://doi.org/10.3366/edinburgh/9781474429603.003.0007
2018,"<i>Blanchot and the Moving Image: Fascination and Spectatorship</i>
            . By
            <scp>Calum Watt</scp>
            <i>Blanchot and the Moving Image: Fascination and Spectatorship</i>
            . By WattCalum. (Moving Image, 8.) Cambridge: Legenda, 2017. xi + 185 pp., ill.",Michael Holland,https://doi.org/10.1093/fs/kny207
2018,The Communism of Thought,Adrian May,https://doi.org/10.3828/liverpool/9781786940438.003.0003
2018,French Thought between Liberalism and Fascism,Adrian May,https://doi.org/10.3828/liverpool/9781786940438.003.0002
2018,From Anguish to Language,Christophe Bident,https://doi.org/10.5422/fordham/9780823281763.003.0026
2018,The Turn of the Screw,Christophe Bident,https://doi.org/10.5422/fordham/9780823281763.003.0035
2018,Using Vichy against Vichy,Christophe Bident,https://doi.org/10.5422/fordham/9780823281763.003.0020
2018,There Is,Christophe Bident,https://doi.org/10.5422/fordham/9780823281763.003.0006
2018,Admiration and Agreement,Christophe Bident,https://doi.org/10.5422/fordham/9780823281763.003.0021
2018,Always Already (The Poetic and Political Interruption of Thought),Christophe Bident,https://doi.org/10.5422/fordham/9780823281763.003.0044
2018,Aligning One’s Convictions,Christophe Bident,https://doi.org/10.5422/fordham/9780823281763.003.0007
2018,Murderous Omens of Times to Come,Christophe Bident,https://doi.org/10.5422/fordham/9780823281763.003.0017
2018,The Passion of Silence,Christophe Bident,https://doi.org/10.5422/fordham/9780823281763.003.0032
2018,The Mediterranean Sojourn,Christophe Bident,https://doi.org/10.5422/fordham/9780823281763.003.0033
2018,Act in Such a Way That I Can Speak to You,Christophe Bident,https://doi.org/10.5422/fordham/9780823281763.003.0052
2018,The Universe Is to Be Found in Night,Christophe Bident,https://doi.org/10.5422/fordham/9780823281763.003.0019
2018,"Night Freely Recircled, Which Plays Us",Christophe Bident,https://doi.org/10.5422/fordham/9780823281763.003.0018
2018,The Walking Stick with the Silver Pommel,Christophe Bident,https://doi.org/10.5422/fordham/9780823281763.003.0004
2018,Music and Family Memory,Christophe Bident,https://doi.org/10.5422/fordham/9780823281763.003.0002
2018,Life Outside,Christophe Bident,https://doi.org/10.5422/fordham/9780823281763.003.0057
2018,The Year of Criticism,Christophe Bident,https://doi.org/10.5422/fordham/9780823281763.003.0029
2018,The Fedora of Death,Christophe Bident,https://doi.org/10.5422/fordham/9780823281763.003.0003
2018,In the Name of the Other,Christophe Bident,https://doi.org/10.5422/fordham/9780823281763.003.0022
2018,"Journalist, Opponent of Hitler, National-Revolutionary",Christophe Bident,https://doi.org/10.5422/fordham/9780823281763.003.0010
2018,Patriotism’s Breaking Point,Christophe Bident,https://doi.org/10.5422/fordham/9780823281763.003.0013
2018,The Critical Detour,Christophe Bident,https://doi.org/10.5422/fordham/9780823281763.003.0042
2018,"Refusal, II: In the Name of the Anonymous",Christophe Bident,https://doi.org/10.5422/fordham/9780823281763.003.0048
2018,On the Transformation of Convictions,Christophe Bident,https://doi.org/10.5422/fordham/9780823281763.003.0015
2018,A Flash in the Darkness,Christophe Bident,https://doi.org/10.5422/fordham/9780823281763.003.0005
2018,Forming the Myth,Christophe Bident,https://doi.org/10.5422/fordham/9780823281763.003.0060
2018,Between Two Forms of the Unavowable,Christophe Bident,https://doi.org/10.5422/fordham/9780823281763.003.0055
2018,Maurice Blanchot,Christophe Bident,https://doi.org/10.5422/fordham/9780823281763.001.0001
2018,"Refusal, I: The Revolution of Spirit",Christophe Bident,https://doi.org/10.5422/fordham/9780823281763.003.0009
2018,The Radiance of a Blind Power,Christophe Bident,https://doi.org/10.5422/fordham/9780823281763.003.0040
2018,Something Inflexible,Christophe Bident,https://doi.org/10.5422/fordham/9780823281763.003.0034
2018,The Prisoner of the Eyes That Capture Him,Christophe Bident,https://doi.org/10.5422/fordham/9780823281763.003.0027
2018,The Black Stain,Christophe Bident,https://doi.org/10.5422/fordham/9780823281763.003.0031
2018,A True Writer Has Appeared,Christophe Bident,https://doi.org/10.5422/fordham/9780823281763.003.0023
2018,Maurice Blanchot,Christophe Bident,https://doi.org/10.2307/j.ctv8d5tnj
2018,Quarrels in the Literary World,Christophe Bident,https://doi.org/10.5422/fordham/9780823281763.003.0037
2018,Invisible Partners,Christophe Bident,https://doi.org/10.5422/fordham/9780823281763.003.0050
2018,The Authority of Friendship,Christophe Bident,https://doi.org/10.5422/fordham/9780823281763.003.0036
2018,The Last Book,Christophe Bident,https://doi.org/10.5422/fordham/9780823281763.003.0059
2018,Writers Who Have Given Too Much to the Present,Christophe Bident,https://doi.org/10.5422/fordham/9780823281763.003.0025
2018,Characters in Thought,Christophe Bident,https://doi.org/10.5422/fordham/9780823281763.003.0051
2018,With This Break in History Stuck in One’s Throat,Christophe Bident,https://doi.org/10.5422/fordham/9780823281763.003.0062
2018,Terrorism as a Method of Public Safety,Christophe Bident,https://doi.org/10.5422/fordham/9780823281763.003.0012
2018,The Author in Reverse,Christophe Bident,https://doi.org/10.5422/fordham/9780823281763.003.0043
2018,The Far Side of Fear,Christophe Bident,https://doi.org/10.5422/fordham/9780823281763.003.0056
2018,Of an Amazing Lightness,Christophe Bident,https://doi.org/10.5422/fordham/9780823281763.003.0045
2018,Even a Few Steps Take Time,Christophe Bident,https://doi.org/10.5422/fordham/9780823281763.003.0063
2018,The Thought of the Neuter,Christophe Bident,https://doi.org/10.5422/fordham/9780823281763.003.0053
2018,Making the Secret Uncomfortable,Christophe Bident,https://doi.org/10.5422/fordham/9780823281763.003.0061
2018,Invisible Partner,Christophe Bident,https://doi.org/10.5422/fordham/9780823281763.003.0038
2018,Note That I Say “Right” and Not “Duty”,Christophe Bident,https://doi.org/10.5422/fordham/9780823281763.003.0049
2018,Blanchot of Quain,Christophe Bident,https://doi.org/10.5422/fordham/9780823281763.003.0001
2018,“Mahatma Gandhi”,Christophe Bident,https://doi.org/10.5422/fordham/9780823281763.003.0008
2018,These Events Happened to Me in 1937,Christophe Bident,https://doi.org/10.5422/fordham/9780823281763.003.0014
2018,The Escalation of Rhetoric,Christophe Bident,https://doi.org/10.5422/fordham/9780823281763.003.0011
2018,"Grace, Strength, Gentleness",Christophe Bident,https://doi.org/10.5422/fordham/9780823281763.003.0046
2018,"Are You Writing, Are You Writing Even Now?",Christophe Bident,https://doi.org/10.5422/fordham/9780823281763.003.0041
2018,Respecting Scandal,Christophe Bident,https://doi.org/10.5422/fordham/9780823281763.003.0030
2018,The Essential Solitude,Christophe Bident,https://doi.org/10.5422/fordham/9780823281763.003.0039
2018,In the Gaze of Fascination,Christophe Bident,https://doi.org/10.5422/fordham/9780823281763.003.0047
2018,From Revolution to Literature,Christophe Bident,https://doi.org/10.5422/fordham/9780823281763.003.0016
2018,Lift This Fog Which Is Already of the Dawn,Christophe Bident,https://doi.org/10.5422/fordham/9780823281763.003.0024
2018,Friendship in Disaster,Christophe Bident,https://doi.org/10.5422/fordham/9780823281763.003.0058
2018,The Disenchantment of the Community,Christophe Bident,https://doi.org/10.5422/fordham/9780823281763.003.0028
2018,A First Homage,Christophe Bident,https://doi.org/10.5422/fordham/9780823281763.003.0054
2018,"Friendship without Reciprocation? Aristotle, Nietzsche, and Blanchot","Ana Romero-iribas, Graham M. Smith",https://doi.org/10.5325/goodsociety.27.1-2.0001
2018,"""‘L’indicible’ et ‘le recit’ - autour de L’Arre?t de mort de Maurice Blanchot""",Jaejung KOH,https://doi.org/10.18824/ellf.116.01
2018,11. The Intoxicated Conversation: Maurice Blanchot and the Poetics of Critical Masks,"Daniel Rosenberg Nutters, Daniel T. O’Hara",https://doi.org/10.7312/ghos18738-011
2019,Maurice Blanchot,"Christophe Bident, John McKeane",https://doi.org/10.1515/9780823281787
2019,"<i>Nous sommes tous la pègre: les années 68 de Blanchot</i>
            . Par
            <scp>Jean-François Hamel</scp>
            <i>Nous sommes tous la pègre: les années 68 de Blanchot</i>
            . Par HamelJean-François. Paris: Minuit, 2018. 131 pp.",Zoe Angelis,https://doi.org/10.1093/fs/kny234
2019,Maurice Blanchot:,,https://doi.org/10.2307/j.ctv5nph81.13
2019,6 Encounter Two: Lefebvre and Blanchot,,https://doi.org/10.1515/9781474456968-011
2019,Encounter Two: Lefebvre and Blanchot,Jan Bryant,https://doi.org/10.3366/edinburgh/9781474456944.003.0007
2019,6. Maurice Blanchot: The Writing of Disaster,,https://doi.org/10.7591/9781501731648-009
2019,5. The Radiant Suspensions of Julien Gracq and Maurice Blanchot,,https://doi.org/10.7591/9781501729607-006
2019,5. Maurice Blanchot: The Use and Abuse of Silence,,https://doi.org/10.1515/9780691192109-011
2019,"3. Two Mirrors Facing: Freud, Blanchot, and the Logic of Invisibility",,https://doi.org/10.7591/9781501725814-004
2019,3. Waiting Maurice Blanchot (1907–2003),,https://doi.org/10.12987/9780300231427-005
2020,"Maurice Blanchot,
            <i>Thomas L’Obscur</i>
            , Chapter I",John McKeane,https://doi.org/10.1093/frebul/ktz014
2020,Calum Watt (2017)<i>Blanchot and the Moving Image: Fascination and Spectatorship</i>,Corey P. Cribb,https://doi.org/10.3366/film.2020.0130
2020,Toward an Aesthetics of Obscurity: From Baumgarten to Blanchot,Jonas Rosenbrück,https://doi.org/10.1215/00104124-7909994
2020,Blanchot / Bataille,,https://doi.org/10.2307/j.ctv3029rqm.8
2020,Poétique de Blanchot,Kyouhyun PARK,https://doi.org/10.18824/ellf.121.03
2020,Blanchot and Lautréamont,William S. Allen,https://doi.org/10.1215/10418385-8241923
2020,Aesthetics of Negativity,William S. Allen,https://doi.org/10.1515/9780823269310
2020,Ending and Unending Agony,Philippe Lacoue-Labarthe,https://doi.org/10.1515/9780823264605
2020,chapter 22. In the Name of the Other,,https://doi.org/10.1515/9780823281787-024
2020,chapter 2. Music and Family Memory,,https://doi.org/10.1515/9780823281787-004
2020,chapter 19. The Universe Is to Be Found in Night,,https://doi.org/10.1515/9780823281787-021
2020,chapter 8. “Mahatma Gandhi”,,https://doi.org/10.1515/9780823281787-010
2020,9. The Negativity of Thinking through Language,,https://doi.org/10.1515/9780823269310-012
2020,I. “The Secret Miracle” (20 July?),,https://doi.org/10.1515/9780823264605-004
2020,Contents,,https://doi.org/10.1515/9780823269310-toc
2020,3. Embodied Violence and the Leap from the Law,,https://doi.org/10.1515/9780823254712-006
2020,chapter 32. The Passion of Silence,,https://doi.org/10.1515/9780823281787-034
2020,Frontmatter,,https://doi.org/10.1515/9780823281787-fm
2020,chapter 25. Writers Who Have Given Too Much to the Present,,https://doi.org/10.1515/9780823281787-027
2020,chapter 3. The Fedora of Death,,https://doi.org/10.1515/9780823281787-005
2020,"chapter 10. Journalist, Opponent of Hitler, National- Revolutionary",,https://doi.org/10.1515/9780823281787-012
2020,notes,,https://doi.org/10.1515/9780823281787-068
2020,chapter 31. The Black Stain,,https://doi.org/10.1515/9780823281787-033
2020,chapter 53. The Thought of the Neuter,,https://doi.org/10.1515/9780823281787-055
2020,chapter 17. Murderous Omens of Times to Come,,https://doi.org/10.1515/9780823281787-019
2020,8. Beckett’s Voices and the Paradox of Expression,,https://doi.org/10.1515/9780823254712-011
2020,chapter 24. Lift This Fog Which Is Already of the Dawn,,https://doi.org/10.1515/9780823281787-026
2020,5. In Lieu of a Last Word: Maurice Blanchot and the Future of Memory (Today),,https://doi.org/10.1515/9780823254231-007
2020,7. The Possibility of Speculative Writing,,https://doi.org/10.1515/9780823269310-010
2020,5. Indifferent Reading in Aminadab,,https://doi.org/10.1515/9780823269310-008
2020,CHAPTER 7. The Name God in Blanchot,Jean-Luc Nancy,https://doi.org/10.1515/9780823255580-009
2020,CHAPTER 8. Humanism’s Cry,Laurens ten Kate,https://doi.org/10.1515/9780823255580-010
2020,"9. Company, But Not Enough",,https://doi.org/10.1515/9780823254712-012
2020,5. Pointed Instants,,https://doi.org/10.1515/9780823254712-008
2020,"6 Atheism and Freedom After the Death of God: Blanchot, Catholicism, Literature, and Life",,https://doi.org/10.1515/9780804774246-011
2020,2. The Ecstasy of Judgment,,https://doi.org/10.1515/9780823254712-005
2020,2. The Obscurities of Artistic Innovation,,https://doi.org/10.1515/9780823269310-005
2020,"chapter 41. Are You Writing, Are You Writing Even Now?",,https://doi.org/10.1515/9780823281787-043
2020,"chapter 48. Refusal, II: In the Name of the Anonymous",,https://doi.org/10.1515/9780823281787-050
2020,Notes,,https://doi.org/10.1515/9780823269310-014
2020,chapter 60. Forming the Myth,,https://doi.org/10.1515/9780823281787-062
2020,Index,,https://doi.org/10.1515/9780823269310-016
2020,Contents,,https://doi.org/10.1515/9780823254712-toc
2020,chapter 52. Act in Such a Way That I Can Speak to You,,https://doi.org/10.1515/9780823281787-054
2020,Preface,,https://doi.org/10.1515/9780823254712-002
2020,chapter 57. Life Outside,,https://doi.org/10.1515/9780823281787-059
2020,chapter 42. The Critical Detour,,https://doi.org/10.1515/9780823281787-044
2020,1. Autonomous Literature,,https://doi.org/10.1515/9780823269310-004
2020,contents,,https://doi.org/10.1515/9780823281787-toc
2020,chpater 37. Quarrels in the Literary World,,https://doi.org/10.1515/9780823281787-039
2020,Index of Names,,https://doi.org/10.1515/9780823264605-008
2020,chapter 36. The Authority of Friendship,,https://doi.org/10.1515/9780823281787-038
2020,chapter 11. The Escalation of Rhetoric,,https://doi.org/10.1515/9780823281787-013
2020,chapter 23. A True Writer Has Appeared,,https://doi.org/10.1515/9780823281787-025
2020,"books by maurice blanchot, with translations into english",,https://doi.org/10.1515/9780823281787-069
2020,"Sara Guyer and Brian McGrath, series editors",,https://doi.org/10.1515/9780823264605-009
2020,preface,,https://doi.org/10.1515/9780823281787-002
2020,"chapter 9. Refusal, I: The Revolution of Spirit",,https://doi.org/10.1515/9780823281787-011
2020,6. The Shell and the Mask,,https://doi.org/10.1515/9780823254712-009
2020,Contents,,https://doi.org/10.1515/9780823264605-toc
2020,chapter 43. The Author in Reverse,,https://doi.org/10.1515/9780823281787-045
2020,chapter 40. The Radiance of a Blind Power,,https://doi.org/10.1515/9780823281787-042
2020,chapter 4. The Walking Stick with the Silver Pommel,,https://doi.org/10.1515/9780823281787-006
2020,chapter 58. Friendship in Disaster,,https://doi.org/10.1515/9780823281787-060
2020,chapter 38. Invisible Partner,,https://doi.org/10.1515/9780823281787-040
2020,Bibliographical Note,,https://doi.org/10.1515/9780823264605-007
2020,chapter 6. There Is,,https://doi.org/10.1515/9780823281787-008
2020,chapter 61. Making the Secret Uncomfortable,,https://doi.org/10.1515/9780823281787-063
2020,Frontmatter,,https://doi.org/10.1515/9780823269310-fm
2020,"6. Resisting, Responding: Maurice Blanchot and the Promise of Writing",,https://doi.org/10.7591/9781501738869-007
2020,Frontmatter,,https://doi.org/10.1515/9780823254712-fm
2020,chapter 27. The Prisoner of the Eyes That Capture Him,,https://doi.org/10.1515/9780823281787-029
2020,chapter 7. Aligning One’s Convictions,,https://doi.org/10.1515/9780823281787-009
2020,translator’s note,,https://doi.org/10.1515/9780823281787-001
2020,Acknowledgments,,https://doi.org/10.1515/9780823269310-002
2020,3. Tyranny of the Possible: Blanchot,,https://doi.org/10.1515/9780823270088-004
2020,Notes,,https://doi.org/10.1515/9780823264605-006
2020,chapter 13. Patriotism’s Breaking Point,,https://doi.org/10.1515/9780823281787-015
2020,8. Echo Location,,https://doi.org/10.1515/9780823269310-011
2020,chapter 56. The Far Side of Fear,,https://doi.org/10.1515/9780823281787-058
2020,chapter 50. Invisible Partners,,https://doi.org/10.1515/9780823281787-052
2020,chapter 35. The Turn of the Screw,,https://doi.org/10.1515/9780823281787-037
2020,chapter 45. Of an Amazing Lightness,,https://doi.org/10.1515/9780823281787-047
2020,"Appendix: Thomas l’Obscur, Chapter 1",,https://doi.org/10.1515/9780823269310-013
2020,6. The Language-Like Quality of the Artwork,,https://doi.org/10.1515/9780823269310-009
2020,chapter 26. From Anguish to Language,,https://doi.org/10.1515/9780823281787-028
2020,chapter 59. The Last Book,,https://doi.org/10.1515/9780823281787-061
2020,chapter 1. Blanchot of Quain,,https://doi.org/10.1515/9780823281787-003
2020,chapter 44. Always Already (The Poetic and Political Interruption of Thought),,https://doi.org/10.1515/9780823281787-046
2020,Introduction,"Aristide Bianchi, Leonid Kharlamov",https://doi.org/10.1515/9780823264605-002
2020,chapter 34. Something Infl exible,,https://doi.org/10.1515/9780823281787-036
2020,chapter 62. With This Break in History Stuck in One’s Throat,,https://doi.org/10.1515/9780823281787-064
2020,chapter 54. A First Homage,,https://doi.org/10.1515/9780823281787-056
2020,chapter 21. Admiration and Agreement,,https://doi.org/10.1515/9780823281787-023
2020,4. Degradation of the Sublime,,https://doi.org/10.1515/9780823254712-007
2020,chapter 33. The Mediterranean Sojourn,,https://doi.org/10.1515/9780823281787-035
2020,Chapter Three. The Task of the Doppelgänger,,https://doi.org/10.1515/9780823238392-006
2020,chapter 49. Note That I Say “Right” and Not “Duty”,,https://doi.org/10.1515/9780823281787-051
2020,Index,,https://doi.org/10.1515/9780823254712-016
2020,chapter 5. A Flash in the Darkness,,https://doi.org/10.1515/9780823281787-007
2020,chapter 28. The Disenchantment of the Community,,https://doi.org/10.1515/9780823281787-030
2020,chapter 39. The Essential Solitude,,https://doi.org/10.1515/9780823281787-041
2020,chapter 20. Using Vichy against Vichy,,https://doi.org/10.1515/9780823281787-022
2020,chapter 63. Even a Few Steps Take Time,,https://doi.org/10.1515/9780823281787-065
2020,Notes,,https://doi.org/10.1515/9780823254712-014
2020,chapter 51. Characters in Thought,,https://doi.org/10.1515/9780823281787-053
2020,4. The Absent Author: Maurice Blanchot and the Subjection of Politics,,https://doi.org/10.1515/9780804782838-006
2020,Amor,,https://doi.org/10.1515/9780823281787-066
2020,chapter 29. The Year of Criticism,,https://doi.org/10.1515/9780823281787-031
2020,Bibliography,,https://doi.org/10.1515/9780823269310-015
2020,chapter 55. Between Two Forms of the Unavowable,,https://doi.org/10.1515/9780823281787-057
2020,chapter 16. From Revolution to Literature,,https://doi.org/10.1515/9780823281787-018
2020,index,,https://doi.org/10.1515/9780823281787-070
2020,chapter 12. Terrorism as a Method of Public Safety,,https://doi.org/10.1515/9780823281787-014
2020,7. The Dead Look,,https://doi.org/10.1515/9780823254712-010
2020,Introduction,,https://doi.org/10.1515/9780823254712-003
2020,Introduction: Abstract and Concrete Modernity,,https://doi.org/10.1515/9780823269310-003
2020,chapter 15. On the Transformation of Convictions,,https://doi.org/10.1515/9780823281787-017
2020,Prologue,,https://doi.org/10.1515/9780823264605-003
2020,Conclusion. Speech Unredeemed,,https://doi.org/10.1515/9780823254712-013
2020,The Name God in Blanchot,,https://doi.org/10.1515/9780823237579-009
2020,acknowledgments,,https://doi.org/10.1515/9780823281787-067
2020,Frontmatter,,https://doi.org/10.1515/9780823264605-fm
2020,1. Kafka’s Teeth,,https://doi.org/10.1515/9780823254712-004
2020,3. Dead Transcendence,,https://doi.org/10.1515/9780823269310-006
2020,Abbreviations,,https://doi.org/10.1515/9780823269310-001
2020,chapter 14. These Events Happened to Me in 1937,,https://doi.org/10.1515/9780823281787-016
2020,Translator’s Note,,https://doi.org/10.1515/9780823264605-001
2020,"chapter 18. Night Freely Recircled, Which Plays Us",,https://doi.org/10.1515/9780823281787-020
2020,chapter 30. Respecting Scandal,,https://doi.org/10.1515/9780823281787-032
2020,"chapter 46. Grace, Strength, Gentleness",,https://doi.org/10.1515/9780823281787-048
2020,List of Abbreviations,,https://doi.org/10.1515/9780823254712-001
2020,4. An Image of Thought in Thomas l’Obscur,,https://doi.org/10.1515/9780823269310-007
2020,II. Ending and Unending Agony (22 September?),,https://doi.org/10.1515/9780823264605-005
2020,chapter 47. In the Gaze of Fascination,,https://doi.org/10.1515/9780823281787-049
2020,Bibliography,,https://doi.org/10.1515/9780823254712-015
2021,Blanchot in Infinite Conversation(s) with Beckett,None Ionescu,https://doi.org/10.2979/jmodelite.44.3.06
2021,"<i>Noir and Blanchot: Deteriorations of the Event</i>
            . By
            <scp>William S. Allen</scp>
            <i>Noir and Blanchot: Deteriorations of the Event</i>
            . By AllenWilliam S.. London: Bloomsbury Academic, 2020. xiii + 179 pp., ill.",Calum Watt,https://doi.org/10.1093/fs/knaa249
2021,Desperate Clarity,Maurice Blanchot,https://doi.org/10.1515/9780823291380
2021,Into Disaster,Maurice Blanchot,https://doi.org/10.1515/9780823291854
2021,"In a Case of Death Involving Steroids, Hair Testing is More Informative than Blood or Urine Testing","Pascal Kintz, Laurie Gheddar, Adeline Blanchot, Alice Ameline, Jean-Sébastien Raul",https://doi.org/10.1093/jat/bkab048
2021,8. Third Person and Fourth Person: Esposito and Blanchot,Joshua Schuster,https://doi.org/10.1515/9781474480369-010
2021,Third Person And Fourth Person: Esposito And Blanchot,Joshua Schuster,https://doi.org/10.3366/edinburgh/9781474480338.003.0009
2021,Impersonality of Kim Soo-young’s Poetry and Translation —Through Comparison with Mallarmé and Blanchot,Seungree Yun,https://doi.org/10.21720/complit85.09
2021,"<i>Blanchot politique: sur une réflexion jamais interrompue</i>
            . Par
            <scp>Leslie Hill</scp>
            <i>Blanchot politique: sur une réflexion jamais interrompue</i>
            . Par HillLeslie. Genève: Furor, 2020. 550 pp.",John McKeane,https://doi.org/10.1093/fs/knab111
2021,Blanchot i Pessoa na ścieżkach indyferencji (wyzwania tożsamościowe − retrospekcja indyferencji),"None None, Piotr Orlik",https://doi.org/10.14746/amup.9788323239413
2022,"Literature and Death: McCarthy, Blanchot and Suttree",Patrick O'Connor,https://doi.org/10.3366/edinburgh/9781474497268.003.0003
2022,"Chapter 2 Literature and Death: McCarthy, Blanchot and Suttree",,https://doi.org/10.1515/9781474497282-004
2022,"4 The Unbearable Lightness of Being: Chiasmus, Embodiment, and Interpretation in Maurice Blanchot",,https://doi.org/10.1515/9781474497527-006
2022,"Political Writings, 1953-1993",Maurice Blanchot,https://doi.org/10.1515/9780823292387
2022,On Sade’s Sovereign Excess: Beckett Translating Blanchot and Bataille,Michael Krimper,https://doi.org/10.3366/jobs.2022.0362
2022,Sade and the Sovereign Man,Maurice Blanchot,https://doi.org/10.3366/jobs.2022.0356
2022,"The Unbearable Lightness of Being: Chiasmus, Embodiment, and Interpretation in Maurice Blanchot",Zoë Roth,https://doi.org/10.3366/edinburgh/9781474497503.003.0005
2022,"B Effects: Bonds of Form and Time in Barthes, Blanchot and Beckett",Laurent Milesi,https://doi.org/10.3366/para.2022.0394
2022,Maurice Blanchot: ‘Theorist’ of the Diary?,Sam Ferguson,https://doi.org/10.3366/nfs.2022.0346
2023,"The Power of Keratinous Matrices (Head Hair, Body Hair and Nail Clippings) Analysis in a Case of Death Involving Anabolic Agents","Laurie Gheddar, Adeline Blanchot, Alice Ameline, Nadia Arbouche, Jean-Sébastien Raul, Pascal Kintz",https://doi.org/10.1093/jat/bkac101
2022,1. The Passion of Time: Au moment voulu (Nietzsche- Heidegger-Blanchot),,https://doi.org/10.1515/9780823291861-004
2022,6 By the Board: Derrida Approaching Blanchot,,https://doi.org/10.1515/9780823290901-010
2022,2. Dream and Writing in Blanchot,,https://doi.org/10.1515/9780823293124-004
2022,Georges Bataille (1897-1962) and Maurice Blanchot (1907-),R. Brandon Kershner,https://doi.org/10.1515/9780748672554-023
2022,Appendix. Blanchot in The International Review,,https://doi.org/10.1515/9780823292004-011
2022,8 Lacoue-Labarthe between Derrida and Blanchot: Movement as Marking the Subject-in-Loss,,https://doi.org/10.1515/9780823292349-009
2022,7. The Unerasable Difference: Levinas in Blanchot,,https://doi.org/10.1515/9780823291861-010
2022,"Nine. On Parole: Legacies of Saussure, Blanchot, and Paulhan",,https://doi.org/10.1515/9780823291878-013
2023,Wherefore An-Other Communism,"Alex Obrigewitsch, None None",https://doi.org/10.5840/symposium20232719
2023,The Image of Impossibility Binding Literature and Phenomenology,"Alex Obrigewitsch, None None",https://doi.org/10.5840/studphaen20232310
2023,"William S. Allen, Illegibility: Blanchot and Hegel. London et al.: Bloomsbury Academic, 2021. ISBN 978-1-5013-7675-7 (hbk). Pp. 244<b>.</b> £95.00.",Niall Gildea,https://doi.org/10.1017/hgl.2023.4
2023,"<i>Illegibility: Blanchot and Hegel</i>
            . By William S. Allen
            <i>Illegibility: Blanchot and Hegel</i>
            . By AllenWilliam S.. New York: Bloomsbury Academic, 2022. xiv + 244 pp.",Michael Holland,https://doi.org/10.1093/fs/knac225
2023,Testing for clomiphene in keratinous matrices (hair and nail),"Pascal Kintz, Laurie Gheddar, Adeline Blanchot, Alice Ameline, Jean-Sébastien Raul",https://doi.org/10.1093/jat/bkad050
2023,"Physical Education and Sport in 『L""Écriture du désastre』 by Maurice Blanchot",Kyung-Sook Lee,https://doi.org/10.31694/pm.2023.09.31.3.009
2023,Art and Technology in Maurice Blanchot,Holly Langstaff,https://doi.org/10.1515/9781399515498
2024,Analysis of mid-spatial frequency wavefront distortions from a liquid-cooled flash-lamp pumped Nd:phosphate laser amplifier,"Pierre-Marie Dalbies, Sandy Cavaro, Edouard Bordenave, Nathalie Blanchot, Julien G. Moreau, Jérôme Neauport",https://doi.org/10.1017/hpl.2023.94
2023,"Care and Afterward: On Heidegger, Kafka, and Blanchot",Simon Friedland,https://doi.org/10.1215/0041462x-10986824
2023,"Blanchot, Ecology and Contemporary Fiction",Jonathan Boulter,https://doi.org/10.1515/9781474499644
2023,The Neuter: Kafka and The Last Man,,https://doi.org/10.1515/9781399515498-018
2023,Fragmentary Writing and Technology,,https://doi.org/10.1515/9781399515498-019
2023,Acknowledgements,,https://doi.org/10.1515/9781399515498-002
2023,A Turning,,https://doi.org/10.1515/9781399515498-014
2023,Literature as Imposture,,https://doi.org/10.1515/9781399515498-009
2023,Frontmatter,,https://doi.org/10.1515/9781399515498-fm
2023,Nature Gone Haywire,,https://doi.org/10.1515/9781399515498-020
2023,‘Why Poets?’,,https://doi.org/10.1515/9781399515498-012
2023,Series Editors’ Preface,,https://doi.org/10.1515/9781399515498-001
2023,Introduction,,https://doi.org/10.1515/9781474499644-002
2023,Frontmatter,,https://doi.org/10.1515/9781474499644-fm
2023,Contents,,https://doi.org/10.1515/9781399515498-toc
2023,Literary Autonomy and Foundation,,https://doi.org/10.1515/9781399515498-008
2023,Technology,,https://doi.org/10.1515/9781399515498-005
2023,Bibliography,,https://doi.org/10.1515/9781399515498-022
2023,Contents,,https://doi.org/10.1515/9781474499644-toc
2023,‘The double state of the word’,,https://doi.org/10.1515/9781399515498-007
2023,Prelude: J. G. Ballard’s Disastrous Worlds,,https://doi.org/10.1515/9781474499644-003
2023,References,,https://doi.org/10.1515/9781474499644-010
2023,Conclusion,,https://doi.org/10.1515/9781399515498-021
2023,Index,,https://doi.org/10.1515/9781474499644-011
2023,Abbreviations of Works,Maurice Blanchot,https://doi.org/10.1515/9781399515498-003
2023,Conclusion: The Gift of the Disaster,,https://doi.org/10.1515/9781474499644-009
2023,Acknowledgements,,https://doi.org/10.1515/9781474499644-001
2023,Chapter 3 Desire and Disaster: David Mitchell’s Cloud Atlas,,https://doi.org/10.1515/9781474499644-006
2023,Chapter 1 Ecologies of Disaster: Jon McGregor’s Reservoir 13,,https://doi.org/10.1515/9781474499644-004
2023,‘But when is there literature?’,,https://doi.org/10.1515/9781399515498-010
2023,Writing as techne and Modern Technology,,https://doi.org/10.1515/9781399515498-017
2023,Heidegger and Blanchot,Leslie Hill,https://doi.org/10.1017/9781009071789.014
2023,Index,,https://doi.org/10.1515/9781399515498-023
2023,Politics,,https://doi.org/10.1515/9781399515498-006
2023,Chapter 5 Disaster and Apocalypse: Maggie Gee’s The Flood,,https://doi.org/10.1515/9781474499644-008
2023,Chapter 4 Posthumanism and Disaster: Jeanette Winterson’s The Stone Gods,,https://doi.org/10.1515/9781474499644-007
2023,La technique,,https://doi.org/10.1515/9781399515498-016
2023,Animals and Automation,,https://doi.org/10.1515/9781399515498-015
2023,Chapter 2 Writing Extinction: Mike McCormack’s Solar Bones,,https://doi.org/10.1515/9781474499644-005
2023,Death: The Impossibility of Possibility,,https://doi.org/10.1515/9781399515498-013
2023,The History of Being,,https://doi.org/10.1515/9781399515498-011
2023,‘One of the most difficult but important tasks of our time’,,https://doi.org/10.1515/9781399515498-004
2024,Insomniacs: Vigilance in Blanchot and Levinas,Zakir Paul,https://doi.org/10.1093/fs/knae003
2024,Introduction,,https://doi.org/10.2307/jj.18473031.4
2024,ACKNOWLEDGMENTS,,https://doi.org/10.2307/jj.18473031.3
2024,Disastrous Materiality:,,https://doi.org/10.2307/jj.18473031.7
2024,Table of Contents,,https://doi.org/10.2307/jj.18473031.2
2024,INDEX,,https://doi.org/10.2307/jj.18473031.16
2024,The Figure of Snow:,,https://doi.org/10.2307/jj.18473031.10
2024,After Communication:,,https://doi.org/10.2307/jj.18473031.6
2024,Conclusion,,https://doi.org/10.2307/jj.18473031.11
2024,Something in Poetry:,,https://doi.org/10.2307/jj.18473031.9
2024,Reading at the Limits of Poetic Form,Jacob McGuinn,https://doi.org/10.2307/jj.18473031
2024,NOTES,,https://doi.org/10.2307/jj.18473031.14
2024,Reading Indeterminacy:,,https://doi.org/10.2307/jj.18473031.5
2024,Front Matter,,https://doi.org/10.2307/jj.18473031.1
2024,List of Abbreviations,,https://doi.org/10.2307/jj.18473031.12
2024,BIBLIOGRAPHY,,https://doi.org/10.2307/jj.18473031.15
2024,Progressive Impossibility:,,https://doi.org/10.2307/jj.18473031.8
2024,NOTE ON REFERENCES AND TRANSLATIONS,,https://doi.org/10.2307/jj.18473031.13
2024,Emptying the World:,,https://doi.org/10.2307/jj.13524442.8
2024,Blanchot without Blanchot,Zakir Paul,https://doi.org/10.1215/01903659-11209644
2024,The Question of Blanchot in Beckett’s <i>Three Dialogues</i> and <i>The Unnamable</i>,Adem Berbic,https://doi.org/10.1093/res/hgae054
2024,Gifts for No One or Anyone: Maurice Blanchot and Jacques Derrida on <i>Personne</i>,Michael Portal,https://doi.org/10.3366/drt.2024.0349
2024,"<i>Art and Technology in Maurice Blanchot</i>
            . By Holly Langstaff
            <i>Art and Technology in Maurice Blanchot</i>
            . By LangstaffHolly. Edinburgh: Edinburgh University Press, 2023. viii + 191 pp.",Bryan Counter,https://doi.org/10.1093/fs/knae114
2025,"<scp>Jonathan Boulter</scp>
            ,
            <i>Blanchot, Ecology and Contemporary Fiction: The Thought of the Disaster</i>",Bryan Counter,https://doi.org/10.3828/fs.2025.79.1.41
2025,"<scp>Maurice Blanchot</scp>
            ,
            <i>Premiers récits: Le Mythe d’Ulysse, inédit suivi de L’Idylle (1936) et du Dernier Mot (1935)</i>",Bryan Counter,https://doi.org/10.3828/fs.2025.79.2.31
2025,Maurice Blanchot and Walter Benjamin - With Focus on the Ideas of ‘Translation’ and ‘Ultimate Language’ -,Kyou Hyun Park,https://doi.org/10.31310/hum.097.05
2025,"Holly Langstaff, <i>Art and Technology in Maurice Blanchot</i>",Michael Portal,https://doi.org/10.3366/drt.2025.0376
2025,Blanchot in Infinite Conversation(s) with Beckett,Arleen Ionescu,https://doi.org/10.2307/jj.29605697.8
2025,"<scp>Jacob McGuinn</scp>
            ,
            <i>Reading at the Limits of Poetic Form: Dematerialization in Adorno, Blanchot, and Celan</i>",Bryan Counter,https://doi.org/10.3828/fs.2025.79.3.40
2025,"‘L’Absurde se nomme. Le désespoir se chante’: Maurice Blanchot Reads Brice Parain’s
            <i>Recherches sur la nature et les fonctions du langage</i>",Marty Hiatt,https://doi.org/10.3828/fs.2025.79.3.5
2025,"4 Global Life: Schmitt, Blanchot and the Abstraction of Community",,https://doi.org/10.1515/9781399539333-007
